,0,1,2,3,4,5,6,7,8,9,10
0,#datatype,string,long,dateTime:RFC3339,dateTime:RFC3339,dateTime:RFC3339,double,string,string,string,string
1,#group,false,false,true,true,false,false,false,false,false,true
2,#default,_result,,,,,,,,,
3,,result,table,_start,_stop,_time,_value,_field,_measurement,sensor,target
4,,,0,2023-02-05T09:35:26.783256083Z,2023-02-06T09:35:26.783256083Z,2023-02-06T09:27:03.071Z,1.611887069905544,power,power_consumption,sensor,cpu-025
5,,,0,2023-02-05T09:35:26.783256083Z,2023-02-06T09:35:26.783256083Z,2023-02-06T09:27:06.101Z,1.7076847315239814,power,power_consumption,sensor,cpu-025
6,,,0,2023-02-05T09:35:26.783256083Z,2023-02-06T09:35:26.783256083Z,2023-02-06T09:27:07.107Z,1.637542868929745,power,power_consumption,sensor,cpu-025
7,,,0,2023-02-05T09:35:26.783256083Z,2023-02-06T09:35:26.783256083Z,2023-02-06T09:27:08.114Z,1.8776940985976422,power,power_consumption,sensor,cpu-025
8,,,0,2023-02-05T09:35:26.783256083Z,2023-02-06T09:35:26.783256083Z,2023-02-06T09:27:10.134Z,1.7263878568029392,power,power_consumption,sensor,cpu-025
9,,,0,2023-02-05T09:35:26.783256083Z,2023-02-06T09:35:26.783256083Z,2023-02-06T09:27:12.162Z,0,power,power_consumption,sensor,cpu-025
10,#datatype,string,long,dateTime:RFC3339,dateTime:RFC3339,dateTime:RFC3339,double,string,string,string,string
11,#group,false,false,true,true,false,false,false,false,false,true
12,#default,_result,,,,,,,,,
13,,result,table,_start,_stop,_time,_value,_field,_measurement,sensor,target
14,,,1,2023-02-05T09:35:26.783256083Z,2023-02-06T09:35:26.783256083Z,2023-02-06T09:27:03.071Z,0,power,power_consumption,sensor,cpu-075
15,,,1,2023-02-05T09:35:26.783256083Z,2023-02-06T09:35:26.783256083Z,2023-02-06T09:27:06.101Z,0,power,power_consumption,sensor,cpu-075
16,,,1,2023-02-05T09:35:26.783256083Z,2023-02-06T09:35:26.783256083Z,2023-02-06T09:27:07.107Z,0,power,power_consumption,sensor,cpu-075
17,,,1,2023-02-05T09:35:26.783256083Z,2023-02-06T09:35:26.783256083Z,2023-02-06T09:27:08.114Z,0,power,power_consumption,sensor,cpu-075
18,,,1,2023-02-05T09:35:26.783256083Z,2023-02-06T09:35:26.783256083Z,2023-02-06T09:27:10.134Z,0,power,power_consumption,sensor,cpu-075
19,,,1,2023-02-05T09:35:26.783256083Z,2023-02-06T09:35:26.783256083Z,2023-02-06T09:27:12.162Z,3.7977572402741244,power,power_consumption,sensor,cpu-075
20,#datatype,string,long,dateTime:RFC3339,dateTime:RFC3339,dateTime:RFC3339,double,string,string,string,string
21,#group,false,false,true,true,false,false,false,false,false,true
22,#default,_result,,,,,,,,,
23,,result,table,_start,_stop,_time,_value,_field,_measurement,sensor,target
24,,,2,2023-02-05T09:35:26.783256083Z,2023-02-06T09:35:26.783256083Z,2023-02-06T09:27:08.114Z,0,power,power_consumption,sensor,cpu-io-rndrd-2G-128
25,,,2,2023-02-05T09:35:26.783256083Z,2023-02-06T09:35:26.783256083Z,2023-02-06T09:27:10.134Z,0,power,power_consumption,sensor,cpu-io-rndrd-2G-128
26,,,2,2023-02-05T09:35:26.783256083Z,2023-02-06T09:35:26.783256083Z,2023-02-06T09:27:12.162Z,0,power,power_consumption,sensor,cpu-io-rndrd-2G-128
27,#datatype,string,long,dateTime:RFC3339,dateTime:RFC3339,dateTime:RFC3339,double,string,string,string,string
28,#group,false,false,true,true,false,false,false,false,false,true
29,#default,_result,,,,,,,,,
30,,result,table,_start,_stop,_time,_value,_field,_measurement,sensor,target
31,,,3,2023-02-05T09:35:26.783256083Z,2023-02-06T09:35:26.783256083Z,2023-02-06T09:27:12.162Z,0,power,power_consumption,sensor,cpu-io-rndrd-3G-128
32,#datatype,string,long,dateTime:RFC3339,dateTime:RFC3339,dateTime:RFC3339,double,string,string,string,string
33,#group,false,false,true,true,false,false,false,false,false,true
34,#default,_result,,,,,,,,,
35,,result,table,_start,_stop,_time,_value,_field,_measurement,sensor,target
36,,,4,2023-02-05T09:35:26.783256083Z,2023-02-06T09:35:26.783256083Z,2023-02-06T09:27:03.071Z,2.224865773086709,power,power_consumption,sensor,cpu-io-rndrd-4G-128
37,,,4,2023-02-05T09:35:26.783256083Z,2023-02-06T09:35:26.783256083Z,2023-02-06T09:27:06.101Z,0.030084510180145452,power,power_consumption,sensor,cpu-io-rndrd-4G-128
38,,,4,2023-02-05T09:35:26.783256083Z,2023-02-06T09:35:26.783256083Z,2023-02-06T09:27:07.107Z,0,power,power_consumption,sensor,cpu-io-rndrd-4G-128
39,,,4,2023-02-05T09:35:26.783256083Z,2023-02-06T09:35:26.783256083Z,2023-02-06T09:27:08.114Z,0,power,power_consumption,sensor,cpu-io-rndrd-4G-128
40,,,4,2023-02-05T09:35:26.783256083Z,2023-02-06T09:35:26.783256083Z,2023-02-06T09:27:10.134Z,0,power,power_consumption,sensor,cpu-io-rndrd-4G-128
41,,,4,2023-02-05T09:35:26.783256083Z,2023-02-06T09:35:26.783256083Z,2023-02-06T09:27:12.162Z,33.329406890665105,power,power_consumption,sensor,cpu-io-rndrd-4G-128
42,#datatype,string,long,dateTime:RFC3339,dateTime:RFC3339,dateTime:RFC3339,double,string,string,string,string
43,#group,false,false,true,true,false,false,false,false,false,true
44,#default,_result,,,,,,,,,
45,,result,table,_start,_stop,_time,_value,_field,_measurement,sensor,target
46,,,5,2023-02-05T09:35:26.783256083Z,2023-02-06T09:35:26.783256083Z,2023-02-06T09:27:03.071Z,0.2646008651341624,power,power_consumption,sensor,cpu-io-rndrd-500M-128
47,,,5,2023-02-05T09:35:26.783256083Z,2023-02-06T09:35:26.783256083Z,2023-02-06T09:27:06.101Z,0.1339965724143696,power,power_consumption,sensor,cpu-io-rndrd-500M-128
48,,,5,2023-02-05T09:35:26.783256083Z,2023-02-06T09:35:26.783256083Z,2023-02-06T09:27:07.107Z,0,power,power_consumption,sensor,cpu-io-rndrd-500M-128
49,,,5,2023-02-05T09:35:26.783256083Z,2023-02-06T09:35:26.783256083Z,2023-02-06T09:27:08.114Z,0.251889152214756,power,power_consumption,sensor,cpu-io-rndrd-500M-128
50,,,5,2023-02-05T09:35:26.783256083Z,2023-02-06T09:35:26.783256083Z,2023-02-06T09:27:10.134Z,0.14831999667611118,power,power_consumption,sensor,cpu-io-rndrd-500M-128
51,,,5,2023-02-05T09:35:26.783256083Z,2023-02-06T09:35:26.783256083Z,2023-02-06T09:27:12.162Z,0,power,power_consumption,sensor,cpu-io-rndrd-500M-128
52,#datatype,string,long,dateTime:RFC3339,dateTime:RFC3339,dateTime:RFC3339,double,string,string,string,string
53,#group,false,false,true,true,false,false,false,false,false,true
54,#default,_result,,,,,,,,,
55,,result,table,_start,_stop,_time,_value,_field,_measurement,sensor,target
56,,,6,2023-02-05T09:35:26.783256083Z,2023-02-06T09:35:26.783256083Z,2023-02-06T09:27:10.134Z,0,power,power_consumption,sensor,cpu-performance-20000-2
57,,,6,2023-02-05T09:35:26.783256083Z,2023-02-06T09:35:26.783256083Z,2023-02-06T09:27:12.162Z,22.789107088705673,power,power_consumption,sensor,cpu-performance-20000-2
58,#datatype,string,long,dateTime:RFC3339,dateTime:RFC3339,dateTime:RFC3339,double,string,string,string,string
59,#group,false,false,true,true,false,false,false,false,false,true
60,#default,_result,,,,,,,,,
61,,result,table,_start,_stop,_time,_value,_field,_measurement,sensor,target
62,,,7,2023-02-05T09:35:26.783256083Z,2023-02-06T09:35:26.783256083Z,2023-02-06T09:27:03.071Z,1.1632957331022689,power,power_consumption,sensor,cpu-performance-40-rate
63,,,7,2023-02-05T09:35:26.783256083Z,2023-02-06T09:35:26.783256083Z,2023-02-06T09:27:06.101Z,1.2658560022531224,power,power_consumption,sensor,cpu-performance-40-rate
64,,,7,2023-02-05T09:35:26.783256083Z,2023-02-06T09:35:26.783256083Z,2023-02-06T09:27:07.107Z,1.3187685534786329,power,power_consumption,sensor,cpu-performance-40-rate
65,,,7,2023-02-05T09:35:26.783256083Z,2023-02-06T09:35:26.783256083Z,2023-02-06T09:27:08.114Z,1.0204337897791258,power,power_consumption,sensor,cpu-performance-40-rate
66,,,7,2023-02-05T09:35:26.783256083Z,2023-02-06T09:35:26.783256083Z,2023-02-06T09:27:10.134Z,1.158534562830693,power,power_consumption,sensor,cpu-performance-40-rate
67,#datatype,string,long,dateTime:RFC3339,dateTime:RFC3339,dateTime:RFC3339,double,string,string,string,string
68,#group,false,false,true,true,false,false,false,false,false,true
69,#default,_result,,,,,,,,,
70,,result,table,_start,_stop,_time,_value,_field,_measurement,sensor,target
71,,,8,2023-02-05T09:35:26.783256083Z,2023-02-06T09:35:26.783256083Z,2023-02-06T09:27:03.071Z,9.225929606999971,power,power_consumption,sensor,cpu-seq1
72,,,8,2023-02-05T09:35:26.783256083Z,2023-02-06T09:35:26.783256083Z,2023-02-06T09:27:06.101Z,10.217429982184658,power,power_consumption,sensor,cpu-seq1
73,,,8,2023-02-05T09:35:26.783256083Z,2023-02-06T09:35:26.783256083Z,2023-02-06T09:27:07.107Z,10.312256188459475,power,power_consumption,sensor,cpu-seq1
74,,,8,2023-02-05T09:35:26.783256083Z,2023-02-06T09:35:26.783256083Z,2023-02-06T09:27:08.114Z,10.521878176419767,power,power_consumption,sensor,cpu-seq1
75,,,8,2023-02-05T09:35:26.783256083Z,2023-02-06T09:35:26.783256083Z,2023-02-06T09:27:10.134Z,10.730659329378364,power,power_consumption,sensor,cpu-seq1
76,,,8,2023-02-05T09:35:26.783256083Z,2023-02-06T09:35:26.783256083Z,2023-02-06T09:27:12.162Z,0,power,power_consumption,sensor,cpu-seq1
77,#datatype,string,long,dateTime:RFC3339,dateTime:RFC3339,dateTime:RFC3339,double,string,string,string,string
78,#group,false,false,true,true,false,false,false,false,false,true
79,#default,_result,,,,,,,,,
80,,result,table,_start,_stop,_time,_value,_field,_measurement,sensor,target
81,,,9,2023-02-05T09:35:26.783256083Z,2023-02-06T09:35:26.783256083Z,2023-02-06T09:27:03.071Z,0,power,power_consumption,sensor,cpu-seq3
82,,,9,2023-02-05T09:35:26.783256083Z,2023-02-06T09:35:26.783256083Z,2023-02-06T09:27:06.101Z,0,power,power_consumption,sensor,cpu-seq3
83,,,9,2023-02-05T09:35:26.783256083Z,2023-02-06T09:35:26.783256083Z,2023-02-06T09:27:07.107Z,0,power,power_consumption,sensor,cpu-seq3
84,,,9,2023-02-05T09:35:26.783256083Z,2023-02-06T09:35:26.783256083Z,2023-02-06T09:27:08.114Z,0,power,power_consumption,sensor,cpu-seq3
85,,,9,2023-02-05T09:35:26.783256083Z,2023-02-06T09:35:26.783256083Z,2023-02-06T09:27:10.134Z,0,power,power_consumption,sensor,cpu-seq3
86,,,9,2023-02-05T09:35:26.783256083Z,2023-02-06T09:35:26.783256083Z,2023-02-06T09:27:12.162Z,6.358911320889021,power,power_consumption,sensor,cpu-seq3
87,#datatype,string,long,dateTime:RFC3339,dateTime:RFC3339,dateTime:RFC3339,double,string,string,string,string
88,#group,false,false,true,true,false,false,false,false,false,true
89,#default,_result,,,,,,,,,
90,,result,table,_start,_stop,_time,_value,_field,_measurement,sensor,target
91,,,10,2023-02-05T09:35:26.783256083Z,2023-02-06T09:35:26.783256083Z,2023-02-06T09:25:55.67Z,34.69619169932539,power,power_consumption,sensor,global
92,,,10,2023-02-05T09:35:26.783256083Z,2023-02-06T09:35:26.783256083Z,2023-02-06T09:25:56.674Z,37.24615241713167,power,power_consumption,sensor,global
93,,,10,2023-02-05T09:35:26.783256083Z,2023-02-06T09:35:26.783256083Z,2023-02-06T09:25:57.678Z,38.974619254775156,power,power_consumption,sensor,global
94,,,10,2023-02-05T09:35:26.783256083Z,2023-02-06T09:35:26.783256083Z,2023-02-06T09:25:58.682Z,53.298051836745834,power,power_consumption,sensor,global
95,,,10,2023-02-05T09:35:26.783256083Z,2023-02-06T09:35:26.783256083Z,2023-02-06T09:25:59.686Z,63.17505701973594,power,power_consumption,sensor,global
96,,,10,2023-02-05T09:35:26.783256083Z,2023-02-06T09:35:26.783256083Z,2023-02-06T09:26:00.69Z,43.43462096004668,power,power_consumption,sensor,global
97,,,10,2023-02-05T09:35:26.783256083Z,2023-02-06T09:35:26.783256083Z,2023-02-06T09:26:01.694Z,55.21658207552063,power,power_consumption,sensor,global
98,,,10,2023-02-05T09:35:26.783256083Z,2023-02-06T09:35:26.783256083Z,2023-02-06T09:26:02.698Z,40.57151574598744,power,power_consumption,sensor,global
99,,,10,2023-02-05T09:35:26.783256083Z,2023-02-06T09:35:26.783256083Z,2023-02-06T09:26:03.702Z,39.53157023731925,power,power_consumption,sensor,global
100,,,10,2023-02-05T09:35:26.783256083Z,2023-02-06T09:35:26.783256083Z,2023-02-06T09:26:04.706Z,41.2043356987634,power,power_consumption,sensor,global
101,,,10,2023-02-05T09:35:26.783256083Z,2023-02-06T09:35:26.783256083Z,2023-02-06T09:26:05.71Z,49.46099682309242,power,power_consumption,sensor,global
102,,,10,2023-02-05T09:35:26.783256083Z,2023-02-06T09:35:26.783256083Z,2023-02-06T09:26:06.714Z,49.3661813647496,power,power_consumption,sensor,global
103,,,10,2023-02-05T09:35:26.783256083Z,2023-02-06T09:35:26.783256083Z,2023-02-06T09:26:07.718Z,40.11445764041788,power,power_consumption,sensor,global
104,,,10,2023-02-05T09:35:26.783256083Z,2023-02-06T09:35:26.783256083Z,2023-02-06T09:26:08.722Z,51.20173698115129,power,power_consumption,sensor,global
105,,,10,2023-02-05T09:35:26.783256083Z,2023-02-06T09:35:26.783256083Z,2023-02-06T09:26:09.726Z,45.601083036390385,power,power_consumption,sensor,global
106,,,10,2023-02-05T09:35:26.783256083Z,2023-02-06T09:35:26.783256083Z,2023-02-06T09:26:10.73Z,40.488711708484004,power,power_consumption,sensor,global
107,,,10,2023-02-05T09:35:26.783256083Z,2023-02-06T09:35:26.783256083Z,2023-02-06T09:26:11.734Z,45.92935897545433,power,power_consumption,sensor,global
108,,,10,2023-02-05T09:35:26.783256083Z,2023-02-06T09:35:26.783256083Z,2023-02-06T09:26:13.743Z,43.80552271979974,power,power_consumption,sensor,global
109,,,10,2023-02-05T09:35:26.783256083Z,2023-02-06T09:35:26.783256083Z,2023-02-06T09:26:14.747Z,42.6976948174339,power,power_consumption,sensor,global
110,,,10,2023-02-05T09:35:26.783256083Z,2023-02-06T09:35:26.783256083Z,2023-02-06T09:26:15.751Z,26.01851722063899,power,power_consumption,sensor,global
111,,,10,2023-02-05T09:35:26.783256083Z,2023-02-06T09:35:26.783256083Z,2023-02-06T09:26:16.754Z,35.57026501818677,power,power_consumption,sensor,global
112,,,10,2023-02-05T09:35:26.783256083Z,2023-02-06T09:35:26.783256083Z,2023-02-06T09:26:17.759Z,90.18726038574812,power,power_consumption,sensor,global
113,,,10,2023-02-05T09:35:26.783256083Z,2023-02-06T09:35:26.783256083Z,2023-02-06T09:26:18.763Z,47.58246416434437,power,power_consumption,sensor,global
114,,,10,2023-02-05T09:35:26.783256083Z,2023-02-06T09:35:26.783256083Z,2023-02-06T09:26:19.767Z,35.2779655629379,power,power_consumption,sensor,global
115,,,10,2023-02-05T09:35:26.783256083Z,2023-02-06T09:35:26.783256083Z,2023-02-06T09:26:20.771Z,46.966024087541626,power,power_consumption,sensor,global
116,,,10,2023-02-05T09:35:26.783256083Z,2023-02-06T09:35:26.783256083Z,2023-02-06T09:26:21.775Z,46.74177979611509,power,power_consumption,sensor,global
117,,,10,2023-02-05T09:35:26.783256083Z,2023-02-06T09:35:26.783256083Z,2023-02-06T09:26:22.779Z,36.66552693330259,power,power_consumption,sensor,global
118,,,10,2023-02-05T09:35:26.783256083Z,2023-02-06T09:35:26.783256083Z,2023-02-06T09:26:23.783Z,49.76803825359215,power,power_consumption,sensor,global
119,,,10,2023-02-05T09:35:26.783256083Z,2023-02-06T09:35:26.783256083Z,2023-02-06T09:26:24.787Z,50.07105593361707,power,power_consumption,sensor,global
120,,,10,2023-02-05T09:35:26.783256083Z,2023-02-06T09:35:26.783256083Z,2023-02-06T09:26:25.791Z,39.27462515804284,power,power_consumption,sensor,global
121,,,10,2023-02-05T09:35:26.783256083Z,2023-02-06T09:35:26.783256083Z,2023-02-06T09:26:26.795Z,35.50349864402302,power,power_consumption,sensor,global
122,,,10,2023-02-05T09:35:26.783256083Z,2023-02-06T09:35:26.783256083Z,2023-02-06T09:26:27.799Z,36.86168364746006,power,power_consumption,sensor,global
123,,,10,2023-02-05T09:35:26.783256083Z,2023-02-06T09:35:26.783256083Z,2023-02-06T09:26:28.803Z,45.609735504091105,power,power_consumption,sensor,global
124,,,10,2023-02-05T09:35:26.783256083Z,2023-02-06T09:35:26.783256083Z,2023-02-06T09:26:29.807Z,38.96240672919204,power,power_consumption,sensor,global
125,,,10,2023-02-05T09:35:26.783256083Z,2023-02-06T09:35:26.783256083Z,2023-02-06T09:26:30.811Z,46.87407188681145,power,power_consumption,sensor,global
126,,,10,2023-02-05T09:35:26.783256083Z,2023-02-06T09:35:26.783256083Z,2023-02-06T09:26:31.815Z,45.589820947343604,power,power_consumption,sensor,global
127,,,10,2023-02-05T09:35:26.783256083Z,2023-02-06T09:35:26.783256083Z,2023-02-06T09:26:32.819Z,45.56925724547144,power,power_consumption,sensor,global
128,,,10,2023-02-05T09:35:26.783256083Z,2023-02-06T09:35:26.783256083Z,2023-02-06T09:26:33.823Z,46.03018156002844,power,power_consumption,sensor,global
129,,,10,2023-02-05T09:35:26.783256083Z,2023-02-06T09:35:26.783256083Z,2023-02-06T09:26:34.827Z,47.74812336173577,power,power_consumption,sensor,global
130,,,10,2023-02-05T09:35:26.783256083Z,2023-02-06T09:35:26.783256083Z,2023-02-06T09:26:36.834Z,48.17172666712515,power,power_consumption,sensor,global
131,,,10,2023-02-05T09:35:26.783256083Z,2023-02-06T09:35:26.783256083Z,2023-02-06T09:26:37.838Z,36.969359252184915,power,power_consumption,sensor,global
132,,,10,2023-02-05T09:35:26.783256083Z,2023-02-06T09:35:26.783256083Z,2023-02-06T09:26:38.843Z,46.616667321508665,power,power_consumption,sensor,global
133,,,10,2023-02-05T09:35:26.783256083Z,2023-02-06T09:35:26.783256083Z,2023-02-06T09:26:39.847Z,37.98436933812423,power,power_consumption,sensor,global
134,,,10,2023-02-05T09:35:26.783256083Z,2023-02-06T09:35:26.783256083Z,2023-02-06T09:26:40.851Z,45.345350071109856,power,power_consumption,sensor,global
135,,,10,2023-02-05T09:35:26.783256083Z,2023-02-06T09:35:26.783256083Z,2023-02-06T09:26:41.855Z,37.21279598345429,power,power_consumption,sensor,global
136,,,10,2023-02-05T09:35:26.783256083Z,2023-02-06T09:35:26.783256083Z,2023-02-06T09:26:42.859Z,15.011416164880956,power,power_consumption,sensor,global
137,,,10,2023-02-05T09:35:26.783256083Z,2023-02-06T09:35:26.783256083Z,2023-02-06T09:26:43.863Z,24.077775195538997,power,power_consumption,sensor,global
138,,,10,2023-02-05T09:35:26.783256083Z,2023-02-06T09:35:26.783256083Z,2023-02-06T09:26:44.867Z,42.22675832971811,power,power_consumption,sensor,global
139,,,10,2023-02-05T09:35:26.783256083Z,2023-02-06T09:35:26.783256083Z,2023-02-06T09:27:03.071Z,16.018760125773024,power,power_consumption,sensor,global
140,,,10,2023-02-05T09:35:26.783256083Z,2023-02-06T09:35:26.783256083Z,2023-02-06T09:27:06.101Z,14.069155342773913,power,power_consumption,sensor,global
141,,,10,2023-02-05T09:35:26.783256083Z,2023-02-06T09:35:26.783256083Z,2023-02-06T09:27:07.107Z,13.997513634272504,power,power_consumption,sensor,global
142,,,10,2023-02-05T09:35:26.783256083Z,2023-02-06T09:35:26.783256083Z,2023-02-06T09:27:08.114Z,15.13111558292362,power,power_consumption,sensor,global
143,,,10,2023-02-05T09:35:26.783256083Z,2023-02-06T09:35:26.783256083Z,2023-02-06T09:27:10.134Z,15.186148574585898,power,power_consumption,sensor,global
144,,,10,2023-02-05T09:35:26.783256083Z,2023-02-06T09:35:26.783256083Z,2023-02-06T09:27:12.162Z,72.84576112787525,power,power_consumption,sensor,global
145,#datatype,string,long,dateTime:RFC3339,dateTime:RFC3339,dateTime:RFC3339,double,string,string,string,string
146,#group,false,false,true,true,false,false,false,false,false,true
147,#default,_result,,,,,,,,,
148,,result,table,_start,_stop,_time,_value,_field,_measurement,sensor,target
149,,,11,2023-02-05T09:35:26.783256083Z,2023-02-06T09:35:26.783256083Z,2023-02-06T09:25:55.67Z,0,power,power_consumption,sensor,host_sensors-power-api-hwpc-1
150,,,11,2023-02-05T09:35:26.783256083Z,2023-02-06T09:35:26.783256083Z,2023-02-06T09:25:56.674Z,0,power,power_consumption,sensor,host_sensors-power-api-hwpc-1
151,,,11,2023-02-05T09:35:26.783256083Z,2023-02-06T09:35:26.783256083Z,2023-02-06T09:25:57.678Z,0,power,power_consumption,sensor,host_sensors-power-api-hwpc-1
152,,,11,2023-02-05T09:35:26.783256083Z,2023-02-06T09:35:26.783256083Z,2023-02-06T09:25:58.682Z,0,power,power_consumption,sensor,host_sensors-power-api-hwpc-1
153,,,11,2023-02-05T09:35:26.783256083Z,2023-02-06T09:35:26.783256083Z,2023-02-06T09:25:59.686Z,0,power,power_consumption,sensor,host_sensors-power-api-hwpc-1
154,,,11,2023-02-05T09:35:26.783256083Z,2023-02-06T09:35:26.783256083Z,2023-02-06T09:26:00.69Z,0,power,power_consumption,sensor,host_sensors-power-api-hwpc-1
155,,,11,2023-02-05T09:35:26.783256083Z,2023-02-06T09:35:26.783256083Z,2023-02-06T09:26:01.694Z,0,power,power_consumption,sensor,host_sensors-power-api-hwpc-1
156,,,11,2023-02-05T09:35:26.783256083Z,2023-02-06T09:35:26.783256083Z,2023-02-06T09:26:02.698Z,0,power,power_consumption,sensor,host_sensors-power-api-hwpc-1
157,,,11,2023-02-05T09:35:26.783256083Z,2023-02-06T09:35:26.783256083Z,2023-02-06T09:26:03.702Z,0,power,power_consumption,sensor,host_sensors-power-api-hwpc-1
158,,,11,2023-02-05T09:35:26.783256083Z,2023-02-06T09:35:26.783256083Z,2023-02-06T09:26:04.706Z,0,power,power_consumption,sensor,host_sensors-power-api-hwpc-1
159,,,11,2023-02-05T09:35:26.783256083Z,2023-02-06T09:35:26.783256083Z,2023-02-06T09:26:05.71Z,0,power,power_consumption,sensor,host_sensors-power-api-hwpc-1
160,,,11,2023-02-05T09:35:26.783256083Z,2023-02-06T09:35:26.783256083Z,2023-02-06T09:26:06.714Z,0,power,power_consumption,sensor,host_sensors-power-api-hwpc-1
161,,,11,2023-02-05T09:35:26.783256083Z,2023-02-06T09:35:26.783256083Z,2023-02-06T09:26:07.718Z,24.11263948876663,power,power_consumption,sensor,host_sensors-power-api-hwpc-1
162,,,11,2023-02-05T09:35:26.783256083Z,2023-02-06T09:35:26.783256083Z,2023-02-06T09:26:08.722Z,0,power,power_consumption,sensor,host_sensors-power-api-hwpc-1
163,,,11,2023-02-05T09:35:26.783256083Z,2023-02-06T09:35:26.783256083Z,2023-02-06T09:26:09.726Z,0,power,power_consumption,sensor,host_sensors-power-api-hwpc-1
164,,,11,2023-02-05T09:35:26.783256083Z,2023-02-06T09:35:26.783256083Z,2023-02-06T09:26:10.73Z,0,power,power_consumption,sensor,host_sensors-power-api-hwpc-1
165,,,11,2023-02-05T09:35:26.783256083Z,2023-02-06T09:35:26.783256083Z,2023-02-06T09:26:11.734Z,0,power,power_consumption,sensor,host_sensors-power-api-hwpc-1
166,,,11,2023-02-05T09:35:26.783256083Z,2023-02-06T09:35:26.783256083Z,2023-02-06T09:26:13.743Z,0,power,power_consumption,sensor,host_sensors-power-api-hwpc-1
167,,,11,2023-02-05T09:35:26.783256083Z,2023-02-06T09:35:26.783256083Z,2023-02-06T09:26:14.747Z,0,power,power_consumption,sensor,host_sensors-power-api-hwpc-1
168,,,11,2023-02-05T09:35:26.783256083Z,2023-02-06T09:35:26.783256083Z,2023-02-06T09:26:15.751Z,0,power,power_consumption,sensor,host_sensors-power-api-hwpc-1
169,,,11,2023-02-05T09:35:26.783256083Z,2023-02-06T09:35:26.783256083Z,2023-02-06T09:26:16.754Z,0,power,power_consumption,sensor,host_sensors-power-api-hwpc-1
170,,,11,2023-02-05T09:35:26.783256083Z,2023-02-06T09:35:26.783256083Z,2023-02-06T09:26:17.759Z,0,power,power_consumption,sensor,host_sensors-power-api-hwpc-1
171,,,11,2023-02-05T09:35:26.783256083Z,2023-02-06T09:35:26.783256083Z,2023-02-06T09:26:18.763Z,0,power,power_consumption,sensor,host_sensors-power-api-hwpc-1
172,,,11,2023-02-05T09:35:26.783256083Z,2023-02-06T09:35:26.783256083Z,2023-02-06T09:26:19.767Z,21.868285094374443,power,power_consumption,sensor,host_sensors-power-api-hwpc-1
173,,,11,2023-02-05T09:35:26.783256083Z,2023-02-06T09:35:26.783256083Z,2023-02-06T09:26:20.771Z,0,power,power_consumption,sensor,host_sensors-power-api-hwpc-1
174,,,11,2023-02-05T09:35:26.783256083Z,2023-02-06T09:35:26.783256083Z,2023-02-06T09:26:21.775Z,0,power,power_consumption,sensor,host_sensors-power-api-hwpc-1
175,,,11,2023-02-05T09:35:26.783256083Z,2023-02-06T09:35:26.783256083Z,2023-02-06T09:26:22.779Z,0,power,power_consumption,sensor,host_sensors-power-api-hwpc-1
176,,,11,2023-02-05T09:35:26.783256083Z,2023-02-06T09:35:26.783256083Z,2023-02-06T09:26:23.783Z,0,power,power_consumption,sensor,host_sensors-power-api-hwpc-1
177,,,11,2023-02-05T09:35:26.783256083Z,2023-02-06T09:35:26.783256083Z,2023-02-06T09:26:24.787Z,0,power,power_consumption,sensor,host_sensors-power-api-hwpc-1
178,,,11,2023-02-05T09:35:26.783256083Z,2023-02-06T09:35:26.783256083Z,2023-02-06T09:26:25.791Z,0,power,power_consumption,sensor,host_sensors-power-api-hwpc-1
179,,,11,2023-02-05T09:35:26.783256083Z,2023-02-06T09:35:26.783256083Z,2023-02-06T09:26:26.795Z,0,power,power_consumption,sensor,host_sensors-power-api-hwpc-1
180,,,11,2023-02-05T09:35:26.783256083Z,2023-02-06T09:35:26.783256083Z,2023-02-06T09:26:27.799Z,0,power,power_consumption,sensor,host_sensors-power-api-hwpc-1
181,,,11,2023-02-05T09:35:26.783256083Z,2023-02-06T09:35:26.783256083Z,2023-02-06T09:26:28.803Z,0,power,power_consumption,sensor,host_sensors-power-api-hwpc-1
182,,,11,2023-02-05T09:35:26.783256083Z,2023-02-06T09:35:26.783256083Z,2023-02-06T09:26:29.807Z,0,power,power_consumption,sensor,host_sensors-power-api-hwpc-1
183,,,11,2023-02-05T09:35:26.783256083Z,2023-02-06T09:35:26.783256083Z,2023-02-06T09:26:30.811Z,0,power,power_consumption,sensor,host_sensors-power-api-hwpc-1
184,,,11,2023-02-05T09:35:26.783256083Z,2023-02-06T09:35:26.783256083Z,2023-02-06T09:26:31.815Z,0,power,power_consumption,sensor,host_sensors-power-api-hwpc-1
185,,,11,2023-02-05T09:35:26.783256083Z,2023-02-06T09:35:26.783256083Z,2023-02-06T09:26:32.819Z,0,power,power_consumption,sensor,host_sensors-power-api-hwpc-1
186,,,11,2023-02-05T09:35:26.783256083Z,2023-02-06T09:35:26.783256083Z,2023-02-06T09:26:33.823Z,0,power,power_consumption,sensor,host_sensors-power-api-hwpc-1
187,,,11,2023-02-05T09:35:26.783256083Z,2023-02-06T09:35:26.783256083Z,2023-02-06T09:26:34.827Z,0,power,power_consumption,sensor,host_sensors-power-api-hwpc-1
188,,,11,2023-02-05T09:35:26.783256083Z,2023-02-06T09:35:26.783256083Z,2023-02-06T09:26:36.834Z,0,power,power_consumption,sensor,host_sensors-power-api-hwpc-1
189,,,11,2023-02-05T09:35:26.783256083Z,2023-02-06T09:35:26.783256083Z,2023-02-06T09:26:37.838Z,0,power,power_consumption,sensor,host_sensors-power-api-hwpc-1
190,,,11,2023-02-05T09:35:26.783256083Z,2023-02-06T09:35:26.783256083Z,2023-02-06T09:26:38.843Z,22.671720794255904,power,power_consumption,sensor,host_sensors-power-api-hwpc-1
191,,,11,2023-02-05T09:35:26.783256083Z,2023-02-06T09:35:26.783256083Z,2023-02-06T09:26:39.847Z,0,power,power_consumption,sensor,host_sensors-power-api-hwpc-1
192,,,11,2023-02-05T09:35:26.783256083Z,2023-02-06T09:35:26.783256083Z,2023-02-06T09:26:40.851Z,0,power,power_consumption,sensor,host_sensors-power-api-hwpc-1
193,,,11,2023-02-05T09:35:26.783256083Z,2023-02-06T09:35:26.783256083Z,2023-02-06T09:26:41.855Z,0,power,power_consumption,sensor,host_sensors-power-api-hwpc-1
194,,,11,2023-02-05T09:35:26.783256083Z,2023-02-06T09:35:26.783256083Z,2023-02-06T09:26:42.859Z,10.54819121358636,power,power_consumption,sensor,host_sensors-power-api-hwpc-1
195,,,11,2023-02-05T09:35:26.783256083Z,2023-02-06T09:35:26.783256083Z,2023-02-06T09:26:43.863Z,0,power,power_consumption,sensor,host_sensors-power-api-hwpc-1
196,,,11,2023-02-05T09:35:26.783256083Z,2023-02-06T09:35:26.783256083Z,2023-02-06T09:26:44.867Z,0,power,power_consumption,sensor,host_sensors-power-api-hwpc-1
197,,,11,2023-02-05T09:35:26.783256083Z,2023-02-06T09:35:26.783256083Z,2023-02-06T09:27:03.071Z,0.633881603085335,power,power_consumption,sensor,host_sensors-power-api-hwpc-1
198,,,11,2023-02-05T09:35:26.783256083Z,2023-02-06T09:35:26.783256083Z,2023-02-06T09:27:06.101Z,0.5833343938267663,power,power_consumption,sensor,host_sensors-power-api-hwpc-1
199,,,11,2023-02-05T09:35:26.783256083Z,2023-02-06T09:35:26.783256083Z,2023-02-06T09:27:07.107Z,0.6470401403382418,power,power_consumption,sensor,host_sensors-power-api-hwpc-1
200,,,11,2023-02-05T09:35:26.783256083Z,2023-02-06T09:35:26.783256083Z,2023-02-06T09:27:08.114Z,0.7397593765370889,power,power_consumption,sensor,host_sensors-power-api-hwpc-1
201,,,11,2023-02-05T09:35:26.783256083Z,2023-02-06T09:35:26.783256083Z,2023-02-06T09:27:10.134Z,0.8064665296244062,power,power_consumption,sensor,host_sensors-power-api-hwpc-1
202,,,11,2023-02-05T09:35:26.783256083Z,2023-02-06T09:35:26.783256083Z,2023-02-06T09:27:12.162Z,0,power,power_consumption,sensor,host_sensors-power-api-hwpc-1
203,#datatype,string,long,dateTime:RFC3339,dateTime:RFC3339,dateTime:RFC3339,double,string,string,string,string
204,#group,false,false,true,true,false,false,false,false,false,true
205,#default,_result,,,,,,,,,
206,,result,table,_start,_stop,_time,_value,_field,_measurement,sensor,target
207,,,12,2023-02-05T09:35:26.783256083Z,2023-02-06T09:35:26.783256083Z,2023-02-06T09:25:55.67Z,28.696670756214637,power,power_consumption,sensor,host_sensors-power-api-smartwatts-1
208,,,12,2023-02-05T09:35:26.783256083Z,2023-02-06T09:35:26.783256083Z,2023-02-06T09:25:56.674Z,30.5174599147534,power,power_consumption,sensor,host_sensors-power-api-smartwatts-1
209,,,12,2023-02-05T09:35:26.783256083Z,2023-02-06T09:35:26.783256083Z,2023-02-06T09:25:57.678Z,31.393254909760774,power,power_consumption,sensor,host_sensors-power-api-smartwatts-1
210,,,12,2023-02-05T09:35:26.783256083Z,2023-02-06T09:35:26.783256083Z,2023-02-06T09:25:58.682Z,46.79009658788682,power,power_consumption,sensor,host_sensors-power-api-smartwatts-1
211,,,12,2023-02-05T09:35:26.783256083Z,2023-02-06T09:35:26.783256083Z,2023-02-06T09:25:59.686Z,59.19416147268907,power,power_consumption,sensor,host_sensors-power-api-smartwatts-1
212,,,12,2023-02-05T09:35:26.783256083Z,2023-02-06T09:35:26.783256083Z,2023-02-06T09:26:00.69Z,37.57620399514433,power,power_consumption,sensor,host_sensors-power-api-smartwatts-1
213,,,12,2023-02-05T09:35:26.783256083Z,2023-02-06T09:35:26.783256083Z,2023-02-06T09:26:01.694Z,50.846082176564984,power,power_consumption,sensor,host_sensors-power-api-smartwatts-1
214,,,12,2023-02-05T09:35:26.783256083Z,2023-02-06T09:35:26.783256083Z,2023-02-06T09:26:02.698Z,35.74173472431379,power,power_consumption,sensor,host_sensors-power-api-smartwatts-1
215,,,12,2023-02-05T09:35:26.783256083Z,2023-02-06T09:35:26.783256083Z,2023-02-06T09:26:03.702Z,34.890819963070754,power,power_consumption,sensor,host_sensors-power-api-smartwatts-1
216,,,12,2023-02-05T09:35:26.783256083Z,2023-02-06T09:35:26.783256083Z,2023-02-06T09:26:04.706Z,35.92390570892084,power,power_consumption,sensor,host_sensors-power-api-smartwatts-1
217,,,12,2023-02-05T09:35:26.783256083Z,2023-02-06T09:35:26.783256083Z,2023-02-06T09:26:05.71Z,45.607966241305014,power,power_consumption,sensor,host_sensors-power-api-smartwatts-1
218,,,12,2023-02-05T09:35:26.783256083Z,2023-02-06T09:35:26.783256083Z,2023-02-06T09:26:06.714Z,44.99004780966205,power,power_consumption,sensor,host_sensors-power-api-smartwatts-1
219,,,12,2023-02-05T09:35:26.783256083Z,2023-02-06T09:35:26.783256083Z,2023-02-06T09:26:07.718Z,0,power,power_consumption,sensor,host_sensors-power-api-smartwatts-1
220,,,12,2023-02-05T09:35:26.783256083Z,2023-02-06T09:35:26.783256083Z,2023-02-06T09:26:08.722Z,46.93638924902144,power,power_consumption,sensor,host_sensors-power-api-smartwatts-1
221,,,12,2023-02-05T09:35:26.783256083Z,2023-02-06T09:35:26.783256083Z,2023-02-06T09:26:09.726Z,41.74019786193442,power,power_consumption,sensor,host_sensors-power-api-smartwatts-1
222,,,12,2023-02-05T09:35:26.783256083Z,2023-02-06T09:35:26.783256083Z,2023-02-06T09:26:10.73Z,35.79169570143967,power,power_consumption,sensor,host_sensors-power-api-smartwatts-1
223,,,12,2023-02-05T09:35:26.783256083Z,2023-02-06T09:35:26.783256083Z,2023-02-06T09:26:11.734Z,41.86508870357466,power,power_consumption,sensor,host_sensors-power-api-smartwatts-1
224,,,12,2023-02-05T09:35:26.783256083Z,2023-02-06T09:35:26.783256083Z,2023-02-06T09:26:13.743Z,38.47681081459788,power,power_consumption,sensor,host_sensors-power-api-smartwatts-1
225,,,12,2023-02-05T09:35:26.783256083Z,2023-02-06T09:35:26.783256083Z,2023-02-06T09:26:14.747Z,36.096746675149994,power,power_consumption,sensor,host_sensors-power-api-smartwatts-1
226,,,12,2023-02-05T09:35:26.783256083Z,2023-02-06T09:35:26.783256083Z,2023-02-06T09:26:15.751Z,21.00423337556371,power,power_consumption,sensor,host_sensors-power-api-smartwatts-1
227,,,12,2023-02-05T09:35:26.783256083Z,2023-02-06T09:35:26.783256083Z,2023-02-06T09:26:16.754Z,31.13876081464552,power,power_consumption,sensor,host_sensors-power-api-smartwatts-1
228,,,12,2023-02-05T09:35:26.783256083Z,2023-02-06T09:35:26.783256083Z,2023-02-06T09:26:17.759Z,41.64019295238947,power,power_consumption,sensor,host_sensors-power-api-smartwatts-1
229,,,12,2023-02-05T09:35:26.783256083Z,2023-02-06T09:35:26.783256083Z,2023-02-06T09:26:18.763Z,43.25774879702265,power,power_consumption,sensor,host_sensors-power-api-smartwatts-1
230,,,12,2023-02-05T09:35:26.783256083Z,2023-02-06T09:35:26.783256083Z,2023-02-06T09:26:19.767Z,0,power,power_consumption,sensor,host_sensors-power-api-smartwatts-1
231,,,12,2023-02-05T09:35:26.783256083Z,2023-02-06T09:35:26.783256083Z,2023-02-06T09:26:20.771Z,44.00022440251366,power,power_consumption,sensor,host_sensors-power-api-smartwatts-1
232,,,12,2023-02-05T09:35:26.783256083Z,2023-02-06T09:35:26.783256083Z,2023-02-06T09:26:21.775Z,43.51777441006617,power,power_consumption,sensor,host_sensors-power-api-smartwatts-1
233,,,12,2023-02-05T09:35:26.783256083Z,2023-02-06T09:35:26.783256083Z,2023-02-06T09:26:22.779Z,32.70404648197657,power,power_consumption,sensor,host_sensors-power-api-smartwatts-1
234,,,12,2023-02-05T09:35:26.783256083Z,2023-02-06T09:35:26.783256083Z,2023-02-06T09:26:23.783Z,43.539172689054666,power,power_consumption,sensor,host_sensors-power-api-smartwatts-1
235,,,12,2023-02-05T09:35:26.783256083Z,2023-02-06T09:35:26.783256083Z,2023-02-06T09:26:24.787Z,43.089104329426185,power,power_consumption,sensor,host_sensors-power-api-smartwatts-1
236,,,12,2023-02-05T09:35:26.783256083Z,2023-02-06T09:35:26.783256083Z,2023-02-06T09:26:25.791Z,34.67072126851546,power,power_consumption,sensor,host_sensors-power-api-smartwatts-1
237,,,12,2023-02-05T09:35:26.783256083Z,2023-02-06T09:35:26.783256083Z,2023-02-06T09:26:26.795Z,30.836728651219723,power,power_consumption,sensor,host_sensors-power-api-smartwatts-1
238,,,12,2023-02-05T09:35:26.783256083Z,2023-02-06T09:35:26.783256083Z,2023-02-06T09:26:27.799Z,31.654682292875684,power,power_consumption,sensor,host_sensors-power-api-smartwatts-1
239,,,12,2023-02-05T09:35:26.783256083Z,2023-02-06T09:35:26.783256083Z,2023-02-06T09:26:28.803Z,42.13568353401659,power,power_consumption,sensor,host_sensors-power-api-smartwatts-1
240,,,12,2023-02-05T09:35:26.783256083Z,2023-02-06T09:35:26.783256083Z,2023-02-06T09:26:29.807Z,32.047233561450966,power,power_consumption,sensor,host_sensors-power-api-smartwatts-1
241,,,12,2023-02-05T09:35:26.783256083Z,2023-02-06T09:35:26.783256083Z,2023-02-06T09:26:30.811Z,41.405507109495346,power,power_consumption,sensor,host_sensors-power-api-smartwatts-1
242,,,12,2023-02-05T09:35:26.783256083Z,2023-02-06T09:35:26.783256083Z,2023-02-06T09:26:31.815Z,39.63119339123626,power,power_consumption,sensor,host_sensors-power-api-smartwatts-1
243,,,12,2023-02-05T09:35:26.783256083Z,2023-02-06T09:35:26.783256083Z,2023-02-06T09:26:32.819Z,40.1050045009132,power,power_consumption,sensor,host_sensors-power-api-smartwatts-1
244,,,12,2023-02-05T09:35:26.783256083Z,2023-02-06T09:35:26.783256083Z,2023-02-06T09:26:33.823Z,40.41253139897642,power,power_consumption,sensor,host_sensors-power-api-smartwatts-1
245,,,12,2023-02-05T09:35:26.783256083Z,2023-02-06T09:35:26.783256083Z,2023-02-06T09:26:34.827Z,41.762142433671315,power,power_consumption,sensor,host_sensors-power-api-smartwatts-1
246,,,12,2023-02-05T09:35:26.783256083Z,2023-02-06T09:35:26.783256083Z,2023-02-06T09:26:36.834Z,41.140223059665246,power,power_consumption,sensor,host_sensors-power-api-smartwatts-1
247,,,12,2023-02-05T09:35:26.783256083Z,2023-02-06T09:35:26.783256083Z,2023-02-06T09:26:37.838Z,30.436871760055148,power,power_consumption,sensor,host_sensors-power-api-smartwatts-1
248,,,12,2023-02-05T09:35:26.783256083Z,2023-02-06T09:35:26.783256083Z,2023-02-06T09:26:38.843Z,0,power,power_consumption,sensor,host_sensors-power-api-smartwatts-1
249,,,12,2023-02-05T09:35:26.783256083Z,2023-02-06T09:35:26.783256083Z,2023-02-06T09:26:39.847Z,30.86634863047843,power,power_consumption,sensor,host_sensors-power-api-smartwatts-1
250,,,12,2023-02-05T09:35:26.783256083Z,2023-02-06T09:35:26.783256083Z,2023-02-06T09:26:40.851Z,38.903363495902255,power,power_consumption,sensor,host_sensors-power-api-smartwatts-1
251,,,12,2023-02-05T09:35:26.783256083Z,2023-02-06T09:35:26.783256083Z,2023-02-06T09:26:41.855Z,29.46943914147654,power,power_consumption,sensor,host_sensors-power-api-smartwatts-1
252,,,12,2023-02-05T09:35:26.783256083Z,2023-02-06T09:35:26.783256083Z,2023-02-06T09:26:42.859Z,0,power,power_consumption,sensor,host_sensors-power-api-smartwatts-1
253,,,12,2023-02-05T09:35:26.783256083Z,2023-02-06T09:35:26.783256083Z,2023-02-06T09:26:43.863Z,20.64244220873398,power,power_consumption,sensor,host_sensors-power-api-smartwatts-1
254,,,12,2023-02-05T09:35:26.783256083Z,2023-02-06T09:35:26.783256083Z,2023-02-06T09:26:44.867Z,30.636195494595626,power,power_consumption,sensor,host_sensors-power-api-smartwatts-1
255,,,12,2023-02-05T09:35:26.783256083Z,2023-02-06T09:35:26.783256083Z,2023-02-06T09:27:03.071Z,0.15461906290373587,power,power_consumption,sensor,host_sensors-power-api-smartwatts-1
256,,,12,2023-02-05T09:35:26.783256083Z,2023-02-06T09:35:26.783256083Z,2023-02-06T09:27:06.101Z,0.03873086737370944,power,power_consumption,sensor,host_sensors-power-api-smartwatts-1
257,,,12,2023-02-05T09:35:26.783256083Z,2023-02-06T09:35:26.783256083Z,2023-02-06T09:27:07.107Z,0,power,power_consumption,sensor,host_sensors-power-api-smartwatts-1
258,,,12,2023-02-05T09:35:26.783256083Z,2023-02-06T09:35:26.783256083Z,2023-02-06T09:27:08.114Z,0.43287109260643997,power,power_consumption,sensor,host_sensors-power-api-smartwatts-1
259,,,12,2023-02-05T09:35:26.783256083Z,2023-02-06T09:35:26.783256083Z,2023-02-06T09:27:10.134Z,0.4505140649772115,power,power_consumption,sensor,host_sensors-power-api-smartwatts-1
260,,,12,2023-02-05T09:35:26.783256083Z,2023-02-06T09:35:26.783256083Z,2023-02-06T09:27:12.162Z,2.456594398449641,power,power_consumption,sensor,host_sensors-power-api-smartwatts-1
261,#datatype,string,long,dateTime:RFC3339,dateTime:RFC3339,dateTime:RFC3339,double,string,string,string,string
262,#group,false,false,true,true,false,false,false,false,false,true
263,#default,_result,,,,,,,,,
264,,result,table,_start,_stop,_time,_value,_field,_measurement,sensor,target
265,,,13,2023-02-05T09:35:26.783256083Z,2023-02-06T09:35:26.783256083Z,2023-02-06T09:25:55.67Z,0.5254495541668753,power,power_consumption,sensor,influx
266,,,13,2023-02-05T09:35:26.783256083Z,2023-02-06T09:35:26.783256083Z,2023-02-06T09:25:56.674Z,0.5766120734108685,power,power_consumption,sensor,influx
267,,,13,2023-02-05T09:35:26.783256083Z,2023-02-06T09:35:26.783256083Z,2023-02-06T09:25:57.678Z,1.8236882085215185,power,power_consumption,sensor,influx
268,,,13,2023-02-05T09:35:26.783256083Z,2023-02-06T09:35:26.783256083Z,2023-02-06T09:25:58.682Z,1.2856536772418425,power,power_consumption,sensor,influx
269,,,13,2023-02-05T09:35:26.783256083Z,2023-02-06T09:35:26.783256083Z,2023-02-06T09:25:59.686Z,0.08808578057501873,power,power_consumption,sensor,influx
270,,,13,2023-02-05T09:35:26.783256083Z,2023-02-06T09:35:26.783256083Z,2023-02-06T09:26:00.69Z,0.050183894071993494,power,power_consumption,sensor,influx
271,,,13,2023-02-05T09:35:26.783256083Z,2023-02-06T09:35:26.783256083Z,2023-02-06T09:26:01.694Z,0.0520878457196209,power,power_consumption,sensor,influx
272,,,13,2023-02-05T09:35:26.783256083Z,2023-02-06T09:35:26.783256083Z,2023-02-06T09:26:02.698Z,0.04599395160387906,power,power_consumption,sensor,influx
273,,,13,2023-02-05T09:35:26.783256083Z,2023-02-06T09:35:26.783256083Z,2023-02-06T09:26:03.702Z,0.06744307330039817,power,power_consumption,sensor,influx
274,,,13,2023-02-05T09:35:26.783256083Z,2023-02-06T09:35:26.783256083Z,2023-02-06T09:26:04.706Z,0.06512107634224701,power,power_consumption,sensor,influx
275,,,13,2023-02-05T09:35:26.783256083Z,2023-02-06T09:35:26.783256083Z,2023-02-06T09:26:05.71Z,0.043029571011671625,power,power_consumption,sensor,influx
276,,,13,2023-02-05T09:35:26.783256083Z,2023-02-06T09:35:26.783256083Z,2023-02-06T09:26:06.714Z,0.06963240785923172,power,power_consumption,sensor,influx
277,,,13,2023-02-05T09:35:26.783256083Z,2023-02-06T09:35:26.783256083Z,2023-02-06T09:26:07.718Z,9.078733767774516,power,power_consumption,sensor,influx
278,,,13,2023-02-05T09:35:26.783256083Z,2023-02-06T09:35:26.783256083Z,2023-02-06T09:26:08.722Z,0.06633182492039752,power,power_consumption,sensor,influx
279,,,13,2023-02-05T09:35:26.783256083Z,2023-02-06T09:35:26.783256083Z,2023-02-06T09:26:09.726Z,0.15778687997455676,power,power_consumption,sensor,influx
280,,,13,2023-02-05T09:35:26.783256083Z,2023-02-06T09:35:26.783256083Z,2023-02-06T09:26:10.73Z,0.08432911674346091,power,power_consumption,sensor,influx
281,,,13,2023-02-05T09:35:26.783256083Z,2023-02-06T09:35:26.783256083Z,2023-02-06T09:26:11.734Z,0.0832340095250568,power,power_consumption,sensor,influx
282,,,13,2023-02-05T09:35:26.783256083Z,2023-02-06T09:35:26.783256083Z,2023-02-06T09:26:13.743Z,0.4433004558287737,power,power_consumption,sensor,influx
283,,,13,2023-02-05T09:35:26.783256083Z,2023-02-06T09:35:26.783256083Z,2023-02-06T09:26:14.747Z,0.06107460608020853,power,power_consumption,sensor,influx
284,,,13,2023-02-05T09:35:26.783256083Z,2023-02-06T09:35:26.783256083Z,2023-02-06T09:26:15.751Z,0.07124727074287109,power,power_consumption,sensor,influx
285,,,13,2023-02-05T09:35:26.783256083Z,2023-02-06T09:35:26.783256083Z,2023-02-06T09:26:16.754Z,0.06843171437954002,power,power_consumption,sensor,influx
286,,,13,2023-02-05T09:35:26.783256083Z,2023-02-06T09:35:26.783256083Z,2023-02-06T09:26:17.759Z,44.46928233632291,power,power_consumption,sensor,influx
287,,,13,2023-02-05T09:35:26.783256083Z,2023-02-06T09:35:26.783256083Z,2023-02-06T09:26:18.763Z,1.512889625631547,power,power_consumption,sensor,influx
288,,,13,2023-02-05T09:35:26.783256083Z,2023-02-06T09:35:26.783256083Z,2023-02-06T09:26:19.767Z,7.00556397027471,power,power_consumption,sensor,influx
289,,,13,2023-02-05T09:35:26.783256083Z,2023-02-06T09:35:26.783256083Z,2023-02-06T09:26:20.771Z,0.021193255021125703,power,power_consumption,sensor,influx
290,,,13,2023-02-05T09:35:26.783256083Z,2023-02-06T09:35:26.783256083Z,2023-02-06T09:26:21.775Z,0.020943734684622725,power,power_consumption,sensor,influx
291,,,13,2023-02-05T09:35:26.783256083Z,2023-02-06T09:35:26.783256083Z,2023-02-06T09:26:22.779Z,0.15826397751141488,power,power_consumption,sensor,influx
292,,,13,2023-02-05T09:35:26.783256083Z,2023-02-06T09:35:26.783256083Z,2023-02-06T09:26:23.783Z,2.223476186920954,power,power_consumption,sensor,influx
293,,,13,2023-02-05T09:35:26.783256083Z,2023-02-06T09:35:26.783256083Z,2023-02-06T09:26:24.787Z,1.747983857407149,power,power_consumption,sensor,influx
294,,,13,2023-02-05T09:35:26.783256083Z,2023-02-06T09:35:26.783256083Z,2023-02-06T09:26:25.791Z,0.06800975486743131,power,power_consumption,sensor,influx
295,,,13,2023-02-05T09:35:26.783256083Z,2023-02-06T09:35:26.783256083Z,2023-02-06T09:26:26.795Z,0.8001505337117002,power,power_consumption,sensor,influx
296,,,13,2023-02-05T09:35:26.783256083Z,2023-02-06T09:35:26.783256083Z,2023-02-06T09:26:27.799Z,0.900042206748825,power,power_consumption,sensor,influx
297,,,13,2023-02-05T09:35:26.783256083Z,2023-02-06T09:35:26.783256083Z,2023-02-06T09:26:28.803Z,0.028948692043062017,power,power_consumption,sensor,influx
298,,,13,2023-02-05T09:35:26.783256083Z,2023-02-06T09:35:26.783256083Z,2023-02-06T09:26:29.807Z,2.4186061430074313,power,power_consumption,sensor,influx
299,,,13,2023-02-05T09:35:26.783256083Z,2023-02-06T09:35:26.783256083Z,2023-02-06T09:26:30.811Z,1.7737373078792813,power,power_consumption,sensor,influx
300,,,13,2023-02-05T09:35:26.783256083Z,2023-02-06T09:35:26.783256083Z,2023-02-06T09:26:31.815Z,2.911525379551403,power,power_consumption,sensor,influx
301,,,13,2023-02-05T09:35:26.783256083Z,2023-02-06T09:35:26.783256083Z,2023-02-06T09:26:32.819Z,1.8444007181699054,power,power_consumption,sensor,influx
302,,,13,2023-02-05T09:35:26.783256083Z,2023-02-06T09:35:26.783256083Z,2023-02-06T09:26:33.823Z,1.677237255813658,power,power_consumption,sensor,influx
303,,,13,2023-02-05T09:35:26.783256083Z,2023-02-06T09:35:26.783256083Z,2023-02-06T09:26:34.827Z,1.7082739192317447,power,power_consumption,sensor,influx
304,,,13,2023-02-05T09:35:26.783256083Z,2023-02-06T09:35:26.783256083Z,2023-02-06T09:26:36.834Z,2.82570919969768,power,power_consumption,sensor,influx
305,,,13,2023-02-05T09:35:26.783256083Z,2023-02-06T09:35:26.783256083Z,2023-02-06T09:26:37.838Z,2.1022274179485927,power,power_consumption,sensor,influx
306,,,13,2023-02-05T09:35:26.783256083Z,2023-02-06T09:35:26.783256083Z,2023-02-06T09:26:38.843Z,1.894664264843011,power,power_consumption,sensor,influx
307,,,13,2023-02-05T09:35:26.783256083Z,2023-02-06T09:35:26.783256083Z,2023-02-06T09:26:39.847Z,2.5376901963773872,power,power_consumption,sensor,influx
308,,,13,2023-02-05T09:35:26.783256083Z,2023-02-06T09:35:26.783256083Z,2023-02-06T09:26:40.851Z,3.0381311907862063,power,power_consumption,sensor,influx
309,,,13,2023-02-05T09:35:26.783256083Z,2023-02-06T09:35:26.783256083Z,2023-02-06T09:26:41.855Z,3.653435211977348,power,power_consumption,sensor,influx
310,,,13,2023-02-05T09:35:26.783256083Z,2023-02-06T09:35:26.783256083Z,2023-02-06T09:26:42.859Z,1.0175276507903361,power,power_consumption,sensor,influx
311,,,13,2023-02-05T09:35:26.783256083Z,2023-02-06T09:35:26.783256083Z,2023-02-06T09:26:43.863Z,2.643337071347041,power,power_consumption,sensor,influx
312,,,13,2023-02-05T09:35:26.783256083Z,2023-02-06T09:35:26.783256083Z,2023-02-06T09:26:44.867Z,6.5100960260255745,power,power_consumption,sensor,influx
313,,,13,2023-02-05T09:35:26.783256083Z,2023-02-06T09:35:26.783256083Z,2023-02-06T09:27:03.071Z,0.6502976558892153,power,power_consumption,sensor,influx
314,,,13,2023-02-05T09:35:26.783256083Z,2023-02-06T09:35:26.783256083Z,2023-02-06T09:27:06.101Z,0.01316739006963235,power,power_consumption,sensor,influx
315,,,13,2023-02-05T09:35:26.783256083Z,2023-02-06T09:35:26.783256083Z,2023-02-06T09:27:07.107Z,0.0030594078824410175,power,power_consumption,sensor,influx
316,,,13,2023-02-05T09:35:26.783256083Z,2023-02-06T09:35:26.783256083Z,2023-02-06T09:27:08.114Z,0.014728332281864128,power,power_consumption,sensor,influx
317,,,13,2023-02-05T09:35:26.783256083Z,2023-02-06T09:35:26.783256083Z,2023-02-06T09:27:10.134Z,0.054027106581842975,power,power_consumption,sensor,influx
318,,,13,2023-02-05T09:35:26.783256083Z,2023-02-06T09:35:26.783256083Z,2023-02-06T09:27:12.162Z,0.31228857423651074,power,power_consumption,sensor,influx
319,#datatype,string,long,dateTime:RFC3339,dateTime:RFC3339,dateTime:RFC3339,double,string,string,string,string
320,#group,false,false,true,true,false,false,false,false,false,true
321,#default,_result,,,,,,,,,
322,,result,table,_start,_stop,_time,_value,_field,_measurement,sensor,target
323,,,14,2023-02-05T09:35:26.783256083Z,2023-02-06T09:35:26.783256083Z,2023-02-06T09:25:55.67Z,5.474071388943873,power,power_consumption,sensor,mongo
324,,,14,2023-02-05T09:35:26.783256083Z,2023-02-06T09:35:26.783256083Z,2023-02-06T09:25:56.674Z,6.152080428967398,power,power_consumption,sensor,mongo
325,,,14,2023-02-05T09:35:26.783256083Z,2023-02-06T09:35:26.783256083Z,2023-02-06T09:25:57.678Z,5.757676136492861,power,power_consumption,sensor,mongo
326,,,14,2023-02-05T09:35:26.783256083Z,2023-02-06T09:35:26.783256083Z,2023-02-06T09:25:58.682Z,5.222301571617173,power,power_consumption,sensor,mongo
327,,,14,2023-02-05T09:35:26.783256083Z,2023-02-06T09:35:26.783256083Z,2023-02-06T09:25:59.686Z,3.8928097664718537,power,power_consumption,sensor,mongo
328,,,14,2023-02-05T09:35:26.783256083Z,2023-02-06T09:35:26.783256083Z,2023-02-06T09:26:00.69Z,5.808233070830346,power,power_consumption,sensor,mongo
329,,,14,2023-02-05T09:35:26.783256083Z,2023-02-06T09:35:26.783256083Z,2023-02-06T09:26:01.694Z,4.31841205323602,power,power_consumption,sensor,mongo
330,,,14,2023-02-05T09:35:26.783256083Z,2023-02-06T09:35:26.783256083Z,2023-02-06T09:26:02.698Z,4.783787070069768,power,power_consumption,sensor,mongo
331,,,14,2023-02-05T09:35:26.783256083Z,2023-02-06T09:35:26.783256083Z,2023-02-06T09:26:03.702Z,4.573307200948101,power,power_consumption,sensor,mongo
332,,,14,2023-02-05T09:35:26.783256083Z,2023-02-06T09:35:26.783256083Z,2023-02-06T09:26:04.706Z,5.21530891350031,power,power_consumption,sensor,mongo
333,,,14,2023-02-05T09:35:26.783256083Z,2023-02-06T09:35:26.783256083Z,2023-02-06T09:26:05.71Z,3.8100010107757374,power,power_consumption,sensor,mongo
334,,,14,2023-02-05T09:35:26.783256083Z,2023-02-06T09:35:26.783256083Z,2023-02-06T09:26:06.714Z,4.306501147228316,power,power_consumption,sensor,mongo
335,,,14,2023-02-05T09:35:26.783256083Z,2023-02-06T09:35:26.783256083Z,2023-02-06T09:26:07.718Z,6.923084383876738,power,power_consumption,sensor,mongo
336,,,14,2023-02-05T09:35:26.783256083Z,2023-02-06T09:35:26.783256083Z,2023-02-06T09:26:08.722Z,4.199015907209456,power,power_consumption,sensor,mongo
337,,,14,2023-02-05T09:35:26.783256083Z,2023-02-06T09:35:26.783256083Z,2023-02-06T09:26:09.726Z,3.7030982944814057,power,power_consumption,sensor,mongo
338,,,14,2023-02-05T09:35:26.783256083Z,2023-02-06T09:35:26.783256083Z,2023-02-06T09:26:10.73Z,4.612686890300867,power,power_consumption,sensor,mongo
339,,,14,2023-02-05T09:35:26.783256083Z,2023-02-06T09:35:26.783256083Z,2023-02-06T09:26:11.734Z,3.9810362623546114,power,power_consumption,sensor,mongo
340,,,14,2023-02-05T09:35:26.783256083Z,2023-02-06T09:35:26.783256083Z,2023-02-06T09:26:13.743Z,4.885411449373079,power,power_consumption,sensor,mongo
341,,,14,2023-02-05T09:35:26.783256083Z,2023-02-06T09:35:26.783256083Z,2023-02-06T09:26:14.747Z,6.539873536203691,power,power_consumption,sensor,mongo
342,,,14,2023-02-05T09:35:26.783256083Z,2023-02-06T09:35:26.783256083Z,2023-02-06T09:26:15.751Z,4.94303657433241,power,power_consumption,sensor,mongo
343,,,14,2023-02-05T09:35:26.783256083Z,2023-02-06T09:35:26.783256083Z,2023-02-06T09:26:16.754Z,4.363072489161708,power,power_consumption,sensor,mongo
344,,,14,2023-02-05T09:35:26.783256083Z,2023-02-06T09:35:26.783256083Z,2023-02-06T09:26:17.759Z,4.077785097035731,power,power_consumption,sensor,mongo
345,,,14,2023-02-05T09:35:26.783256083Z,2023-02-06T09:35:26.783256083Z,2023-02-06T09:26:18.763Z,2.8118257416901846,power,power_consumption,sensor,mongo
346,,,14,2023-02-05T09:35:26.783256083Z,2023-02-06T09:35:26.783256083Z,2023-02-06T09:26:19.767Z,6.404116498288748,power,power_consumption,sensor,mongo
347,,,14,2023-02-05T09:35:26.783256083Z,2023-02-06T09:35:26.783256083Z,2023-02-06T09:26:20.771Z,2.944606430006842,power,power_consumption,sensor,mongo
348,,,14,2023-02-05T09:35:26.783256083Z,2023-02-06T09:35:26.783256083Z,2023-02-06T09:26:21.775Z,3.203061651364296,power,power_consumption,sensor,mongo
349,,,14,2023-02-05T09:35:26.783256083Z,2023-02-06T09:35:26.783256083Z,2023-02-06T09:26:22.779Z,3.8032164738145977,power,power_consumption,sensor,mongo
350,,,14,2023-02-05T09:35:26.783256083Z,2023-02-06T09:35:26.783256083Z,2023-02-06T09:26:23.783Z,4.0053893776165275,power,power_consumption,sensor,mongo
351,,,14,2023-02-05T09:35:26.783256083Z,2023-02-06T09:35:26.783256083Z,2023-02-06T09:26:24.787Z,5.233967746783737,power,power_consumption,sensor,mongo
352,,,14,2023-02-05T09:35:26.783256083Z,2023-02-06T09:35:26.783256083Z,2023-02-06T09:26:25.791Z,4.535894134659948,power,power_consumption,sensor,mongo
353,,,14,2023-02-05T09:35:26.783256083Z,2023-02-06T09:35:26.783256083Z,2023-02-06T09:26:26.795Z,3.8666194590915945,power,power_consumption,sensor,mongo
354,,,14,2023-02-05T09:35:26.783256083Z,2023-02-06T09:35:26.783256083Z,2023-02-06T09:26:27.799Z,4.30695914783555,power,power_consumption,sensor,mongo
355,,,14,2023-02-05T09:35:26.783256083Z,2023-02-06T09:35:26.783256083Z,2023-02-06T09:26:28.803Z,3.4451032780314454,power,power_consumption,sensor,mongo
356,,,14,2023-02-05T09:35:26.783256083Z,2023-02-06T09:35:26.783256083Z,2023-02-06T09:26:29.807Z,4.496567024733641,power,power_consumption,sensor,mongo
357,,,14,2023-02-05T09:35:26.783256083Z,2023-02-06T09:35:26.783256083Z,2023-02-06T09:26:30.811Z,3.694827469436815,power,power_consumption,sensor,mongo
358,,,14,2023-02-05T09:35:26.783256083Z,2023-02-06T09:35:26.783256083Z,2023-02-06T09:26:31.815Z,3.047102176555937,power,power_consumption,sensor,mongo
359,,,14,2023-02-05T09:35:26.783256083Z,2023-02-06T09:35:26.783256083Z,2023-02-06T09:26:32.819Z,3.6198520263883367,power,power_consumption,sensor,mongo
360,,,14,2023-02-05T09:35:26.783256083Z,2023-02-06T09:35:26.783256083Z,2023-02-06T09:26:33.823Z,3.9404129052383596,power,power_consumption,sensor,mongo
361,,,14,2023-02-05T09:35:26.783256083Z,2023-02-06T09:35:26.783256083Z,2023-02-06T09:26:34.827Z,4.277707008832721,power,power_consumption,sensor,mongo
362,,,14,2023-02-05T09:35:26.783256083Z,2023-02-06T09:35:26.783256083Z,2023-02-06T09:26:36.834Z,4.205794407762224,power,power_consumption,sensor,mongo
363,,,14,2023-02-05T09:35:26.783256083Z,2023-02-06T09:35:26.783256083Z,2023-02-06T09:26:37.838Z,4.430260074181178,power,power_consumption,sensor,mongo
364,,,14,2023-02-05T09:35:26.783256083Z,2023-02-06T09:35:26.783256083Z,2023-02-06T09:26:38.843Z,22.050282262409752,power,power_consumption,sensor,mongo
365,,,14,2023-02-05T09:35:26.783256083Z,2023-02-06T09:35:26.783256083Z,2023-02-06T09:26:39.847Z,4.580330511268418,power,power_consumption,sensor,mongo
366,,,14,2023-02-05T09:35:26.783256083Z,2023-02-06T09:35:26.783256083Z,2023-02-06T09:26:40.851Z,3.403855384421401,power,power_consumption,sensor,mongo
367,,,14,2023-02-05T09:35:26.783256083Z,2023-02-06T09:35:26.783256083Z,2023-02-06T09:26:41.855Z,4.089921630000404,power,power_consumption,sensor,mongo
368,,,14,2023-02-05T09:35:26.783256083Z,2023-02-06T09:35:26.783256083Z,2023-02-06T09:26:42.859Z,3.4456973005042606,power,power_consumption,sensor,mongo
369,,,14,2023-02-05T09:35:26.783256083Z,2023-02-06T09:35:26.783256083Z,2023-02-06T09:26:43.863Z,0.7919959154579803,power,power_consumption,sensor,mongo
370,,,14,2023-02-05T09:35:26.783256083Z,2023-02-06T09:35:26.783256083Z,2023-02-06T09:26:44.867Z,5.080466809096912,power,power_consumption,sensor,mongo
371,,,14,2023-02-05T09:35:26.783256083Z,2023-02-06T09:35:26.783256083Z,2023-02-06T09:27:03.071Z,0.08938275566608272,power,power_consumption,sensor,mongo
372,,,14,2023-02-05T09:35:26.783256083Z,2023-02-06T09:35:26.783256083Z,2023-02-06T09:27:06.101Z,0.07887089294752654,power,power_consumption,sensor,mongo
373,,,14,2023-02-05T09:35:26.783256083Z,2023-02-06T09:35:26.783256083Z,2023-02-06T09:27:07.107Z,0.07884647518396745,power,power_consumption,sensor,mongo
374,,,14,2023-02-05T09:35:26.783256083Z,2023-02-06T09:35:26.783256083Z,2023-02-06T09:27:08.114Z,0.2718615644869359,power,power_consumption,sensor,mongo
375,,,14,2023-02-05T09:35:26.783256083Z,2023-02-06T09:35:26.783256083Z,2023-02-06T09:27:10.134Z,0.11123912771433053,power,power_consumption,sensor,mongo
376,,,14,2023-02-05T09:35:26.783256083Z,2023-02-06T09:35:26.783256083Z,2023-02-06T09:27:12.162Z,3.801695614655161,power,power_consumption,sensor,mongo
377,#datatype,string,long,dateTime:RFC3339,dateTime:RFC3339,dateTime:RFC3339,double,string,string,string,string
378,#group,false,false,true,true,false,false,false,false,false,true
379,#default,_result,,,,,,,,,
380,,result,table,_start,_stop,_time,_value,_field,_measurement,sensor,target
381,,,15,2023-02-05T09:35:26.783256083Z,2023-02-06T09:35:26.783256083Z,2023-02-06T09:25:37.599Z,0.169921875,power,power_consumption,sensor,rapl
382,,,15,2023-02-05T09:35:26.783256083Z,2023-02-06T09:35:26.783256083Z,2023-02-06T09:25:38.602Z,42.24517822265625,power,power_consumption,sensor,rapl
383,,,15,2023-02-05T09:35:26.783256083Z,2023-02-06T09:35:26.783256083Z,2023-02-06T09:25:39.605Z,40.12921142578125,power,power_consumption,sensor,rapl
384,,,15,2023-02-05T09:35:26.783256083Z,2023-02-06T09:35:26.783256083Z,2023-02-06T09:25:40.609Z,39.0084228515625,power,power_consumption,sensor,rapl
385,,,15,2023-02-05T09:35:26.783256083Z,2023-02-06T09:35:26.783256083Z,2023-02-06T09:25:41.612Z,38.9658203125,power,power_consumption,sensor,rapl
386,,,15,2023-02-05T09:35:26.783256083Z,2023-02-06T09:35:26.783256083Z,2023-02-06T09:25:42.617Z,41.45391845703125,power,power_consumption,sensor,rapl
387,,,15,2023-02-05T09:35:26.783256083Z,2023-02-06T09:35:26.783256083Z,2023-02-06T09:25:43.621Z,58.21697998046875,power,power_consumption,sensor,rapl
388,,,15,2023-02-05T09:35:26.783256083Z,2023-02-06T09:35:26.783256083Z,2023-02-06T09:25:44.625Z,41.57440185546875,power,power_consumption,sensor,rapl
389,,,15,2023-02-05T09:35:26.783256083Z,2023-02-06T09:35:26.783256083Z,2023-02-06T09:25:45.629Z,39.42999267578125,power,power_consumption,sensor,rapl
390,,,15,2023-02-05T09:35:26.783256083Z,2023-02-06T09:35:26.783256083Z,2023-02-06T09:25:46.633Z,38.88702392578125,power,power_consumption,sensor,rapl
391,,,15,2023-02-05T09:35:26.783256083Z,2023-02-06T09:35:26.783256083Z,2023-02-06T09:25:47.637Z,38.940185546875,power,power_consumption,sensor,rapl
392,,,15,2023-02-05T09:35:26.783256083Z,2023-02-06T09:35:26.783256083Z,2023-02-06T09:25:48.641Z,38.9200439453125,power,power_consumption,sensor,rapl
393,,,15,2023-02-05T09:35:26.783256083Z,2023-02-06T09:35:26.783256083Z,2023-02-06T09:25:49.645Z,38.83160400390625,power,power_consumption,sensor,rapl
394,,,15,2023-02-05T09:35:26.783256083Z,2023-02-06T09:35:26.783256083Z,2023-02-06T09:25:50.649Z,38.80029296875,power,power_consumption,sensor,rapl
395,,,15,2023-02-05T09:35:26.783256083Z,2023-02-06T09:35:26.783256083Z,2023-02-06T09:25:51.653Z,39.09857177734375,power,power_consumption,sensor,rapl
396,,,15,2023-02-05T09:35:26.783256083Z,2023-02-06T09:35:26.783256083Z,2023-02-06T09:25:52.658Z,38.74359130859375,power,power_consumption,sensor,rapl
397,,,15,2023-02-05T09:35:26.783256083Z,2023-02-06T09:35:26.783256083Z,2023-02-06T09:25:53.662Z,38.8282470703125,power,power_consumption,sensor,rapl
398,,,15,2023-02-05T09:35:26.783256083Z,2023-02-06T09:35:26.783256083Z,2023-02-06T09:25:54.666Z,38.9033203125,power,power_consumption,sensor,rapl
399,,,15,2023-02-05T09:35:26.783256083Z,2023-02-06T09:35:26.783256083Z,2023-02-06T09:25:55.67Z,38.91119384765625,power,power_consumption,sensor,rapl
400,,,15,2023-02-05T09:35:26.783256083Z,2023-02-06T09:35:26.783256083Z,2023-02-06T09:25:56.674Z,38.928955078125,power,power_consumption,sensor,rapl
401,,,15,2023-02-05T09:35:26.783256083Z,2023-02-06T09:35:26.783256083Z,2023-02-06T09:25:57.678Z,38.9217529296875,power,power_consumption,sensor,rapl
402,,,15,2023-02-05T09:35:26.783256083Z,2023-02-06T09:35:26.783256083Z,2023-02-06T09:25:58.682Z,38.8458251953125,power,power_consumption,sensor,rapl
403,,,15,2023-02-05T09:35:26.783256083Z,2023-02-06T09:35:26.783256083Z,2023-02-06T09:25:59.686Z,39.04217529296875,power,power_consumption,sensor,rapl
404,,,15,2023-02-05T09:35:26.783256083Z,2023-02-06T09:35:26.783256083Z,2023-02-06T09:26:00.69Z,38.89630126953125,power,power_consumption,sensor,rapl
405,,,15,2023-02-05T09:35:26.783256083Z,2023-02-06T09:35:26.783256083Z,2023-02-06T09:26:01.694Z,39.02850341796875,power,power_consumption,sensor,rapl
406,,,15,2023-02-05T09:35:26.783256083Z,2023-02-06T09:35:26.783256083Z,2023-02-06T09:26:02.698Z,38.8297119140625,power,power_consumption,sensor,rapl
407,,,15,2023-02-05T09:35:26.783256083Z,2023-02-06T09:35:26.783256083Z,2023-02-06T09:26:03.702Z,38.85797119140625,power,power_consumption,sensor,rapl
408,,,15,2023-02-05T09:35:26.783256083Z,2023-02-06T09:35:26.783256083Z,2023-02-06T09:26:04.706Z,38.94512939453125,power,power_consumption,sensor,rapl
409,,,15,2023-02-05T09:35:26.783256083Z,2023-02-06T09:35:26.783256083Z,2023-02-06T09:26:05.71Z,38.95794677734375,power,power_consumption,sensor,rapl
410,,,15,2023-02-05T09:35:26.783256083Z,2023-02-06T09:35:26.783256083Z,2023-02-06T09:26:06.714Z,39.15594482421875,power,power_consumption,sensor,rapl
411,,,15,2023-02-05T09:35:26.783256083Z,2023-02-06T09:35:26.783256083Z,2023-02-06T09:26:07.718Z,39.28033447265625,power,power_consumption,sensor,rapl
412,,,15,2023-02-05T09:35:26.783256083Z,2023-02-06T09:35:26.783256083Z,2023-02-06T09:26:08.722Z,38.9027099609375,power,power_consumption,sensor,rapl
413,,,15,2023-02-05T09:35:26.783256083Z,2023-02-06T09:35:26.783256083Z,2023-02-06T09:26:09.726Z,39.0538330078125,power,power_consumption,sensor,rapl
414,,,15,2023-02-05T09:35:26.783256083Z,2023-02-06T09:35:26.783256083Z,2023-02-06T09:26:10.73Z,39.14495849609375,power,power_consumption,sensor,rapl
415,,,15,2023-02-05T09:35:26.783256083Z,2023-02-06T09:35:26.783256083Z,2023-02-06T09:26:11.734Z,39.31500244140625,power,power_consumption,sensor,rapl
416,,,15,2023-02-05T09:35:26.783256083Z,2023-02-06T09:35:26.783256083Z,2023-02-06T09:26:12.739Z,41.3548583984375,power,power_consumption,sensor,rapl
417,,,15,2023-02-05T09:35:26.783256083Z,2023-02-06T09:35:26.783256083Z,2023-02-06T09:26:13.743Z,38.93670654296875,power,power_consumption,sensor,rapl
418,,,15,2023-02-05T09:35:26.783256083Z,2023-02-06T09:35:26.783256083Z,2023-02-06T09:26:14.747Z,38.99078369140625,power,power_consumption,sensor,rapl
419,,,15,2023-02-05T09:35:26.783256083Z,2023-02-06T09:35:26.783256083Z,2023-02-06T09:26:15.751Z,38.9530029296875,power,power_consumption,sensor,rapl
420,,,15,2023-02-05T09:35:26.783256083Z,2023-02-06T09:35:26.783256083Z,2023-02-06T09:26:16.754Z,38.9833984375,power,power_consumption,sensor,rapl
421,,,15,2023-02-05T09:35:26.783256083Z,2023-02-06T09:35:26.783256083Z,2023-02-06T09:26:17.759Z,38.99505615234375,power,power_consumption,sensor,rapl
422,,,15,2023-02-05T09:35:26.783256083Z,2023-02-06T09:35:26.783256083Z,2023-02-06T09:26:18.763Z,39.03204345703125,power,power_consumption,sensor,rapl
423,,,15,2023-02-05T09:35:26.783256083Z,2023-02-06T09:35:26.783256083Z,2023-02-06T09:26:19.767Z,39.2969970703125,power,power_consumption,sensor,rapl
424,,,15,2023-02-05T09:35:26.783256083Z,2023-02-06T09:35:26.783256083Z,2023-02-06T09:26:20.771Z,38.85076904296875,power,power_consumption,sensor,rapl
425,,,15,2023-02-05T09:35:26.783256083Z,2023-02-06T09:35:26.783256083Z,2023-02-06T09:26:21.775Z,38.90496826171875,power,power_consumption,sensor,rapl
426,,,15,2023-02-05T09:35:26.783256083Z,2023-02-06T09:35:26.783256083Z,2023-02-06T09:26:22.779Z,38.9539794921875,power,power_consumption,sensor,rapl
427,,,15,2023-02-05T09:35:26.783256083Z,2023-02-06T09:35:26.783256083Z,2023-02-06T09:26:23.783Z,38.99542236328125,power,power_consumption,sensor,rapl
428,,,15,2023-02-05T09:35:26.783256083Z,2023-02-06T09:35:26.783256083Z,2023-02-06T09:26:24.787Z,39.14691162109375,power,power_consumption,sensor,rapl
429,,,15,2023-02-05T09:35:26.783256083Z,2023-02-06T09:35:26.783256083Z,2023-02-06T09:26:25.791Z,38.90997314453125,power,power_consumption,sensor,rapl
430,,,15,2023-02-05T09:35:26.783256083Z,2023-02-06T09:35:26.783256083Z,2023-02-06T09:26:26.795Z,38.9688720703125,power,power_consumption,sensor,rapl
431,,,15,2023-02-05T09:35:26.783256083Z,2023-02-06T09:35:26.783256083Z,2023-02-06T09:26:27.799Z,38.8260498046875,power,power_consumption,sensor,rapl
432,,,15,2023-02-05T09:35:26.783256083Z,2023-02-06T09:35:26.783256083Z,2023-02-06T09:26:28.803Z,38.9158935546875,power,power_consumption,sensor,rapl
433,,,15,2023-02-05T09:35:26.783256083Z,2023-02-06T09:35:26.783256083Z,2023-02-06T09:26:29.807Z,39.10943603515625,power,power_consumption,sensor,rapl
434,,,15,2023-02-05T09:35:26.783256083Z,2023-02-06T09:35:26.783256083Z,2023-02-06T09:26:30.811Z,39.00433349609375,power,power_consumption,sensor,rapl
435,,,15,2023-02-05T09:35:26.783256083Z,2023-02-06T09:35:26.783256083Z,2023-02-06T09:26:31.815Z,39.0836181640625,power,power_consumption,sensor,rapl
436,,,15,2023-02-05T09:35:26.783256083Z,2023-02-06T09:35:26.783256083Z,2023-02-06T09:26:32.819Z,39.14520263671875,power,power_consumption,sensor,rapl
437,,,15,2023-02-05T09:35:26.783256083Z,2023-02-06T09:35:26.783256083Z,2023-02-06T09:26:33.823Z,38.9354248046875,power,power_consumption,sensor,rapl
438,,,15,2023-02-05T09:35:26.783256083Z,2023-02-06T09:35:26.783256083Z,2023-02-06T09:26:34.827Z,39.045166015625,power,power_consumption,sensor,rapl
439,,,15,2023-02-05T09:35:26.783256083Z,2023-02-06T09:35:26.783256083Z,2023-02-06T09:26:35.831Z,39.262939453125,power,power_consumption,sensor,rapl
440,,,15,2023-02-05T09:35:26.783256083Z,2023-02-06T09:35:26.783256083Z,2023-02-06T09:26:36.834Z,39.070556640625,power,power_consumption,sensor,rapl
441,,,15,2023-02-05T09:35:26.783256083Z,2023-02-06T09:35:26.783256083Z,2023-02-06T09:26:37.838Z,38.91058349609375,power,power_consumption,sensor,rapl
442,,,15,2023-02-05T09:35:26.783256083Z,2023-02-06T09:35:26.783256083Z,2023-02-06T09:26:38.843Z,39.31072998046875,power,power_consumption,sensor,rapl
443,,,15,2023-02-05T09:35:26.783256083Z,2023-02-06T09:35:26.783256083Z,2023-02-06T09:26:39.847Z,38.9925537109375,power,power_consumption,sensor,rapl
444,,,15,2023-02-05T09:35:26.783256083Z,2023-02-06T09:35:26.783256083Z,2023-02-06T09:26:40.851Z,38.92236328125,power,power_consumption,sensor,rapl
445,,,15,2023-02-05T09:35:26.783256083Z,2023-02-06T09:35:26.783256083Z,2023-02-06T09:26:41.855Z,39.292236328125,power,power_consumption,sensor,rapl
446,,,15,2023-02-05T09:35:26.783256083Z,2023-02-06T09:35:26.783256083Z,2023-02-06T09:26:42.859Z,40.49346923828125,power,power_consumption,sensor,rapl
447,,,15,2023-02-05T09:35:26.783256083Z,2023-02-06T09:35:26.783256083Z,2023-02-06T09:26:43.863Z,39.2540283203125,power,power_consumption,sensor,rapl
448,,,15,2023-02-05T09:35:26.783256083Z,2023-02-06T09:35:26.783256083Z,2023-02-06T09:26:44.867Z,40.53656005859375,power,power_consumption,sensor,rapl
449,,,15,2023-02-05T09:35:26.783256083Z,2023-02-06T09:35:26.783256083Z,2023-02-06T09:26:45.874Z,41.025146484375,power,power_consumption,sensor,rapl
450,,,15,2023-02-05T09:35:26.783256083Z,2023-02-06T09:35:26.783256083Z,2023-02-06T09:26:46.886Z,85.75927734375,power,power_consumption,sensor,rapl
451,,,15,2023-02-05T09:35:26.783256083Z,2023-02-06T09:35:26.783256083Z,2023-02-06T09:26:47.897Z,95.08990478515625,power,power_consumption,sensor,rapl
452,,,15,2023-02-05T09:35:26.783256083Z,2023-02-06T09:35:26.783256083Z,2023-02-06T09:26:48.907Z,95.13818359375,power,power_consumption,sensor,rapl
453,,,15,2023-02-05T09:35:26.783256083Z,2023-02-06T09:35:26.783256083Z,2023-02-06T09:26:49.917Z,95.46044921875,power,power_consumption,sensor,rapl
454,,,15,2023-02-05T09:35:26.783256083Z,2023-02-06T09:35:26.783256083Z,2023-02-06T09:26:50.928Z,96.04241943359375,power,power_consumption,sensor,rapl
455,,,15,2023-02-05T09:35:26.783256083Z,2023-02-06T09:35:26.783256083Z,2023-02-06T09:26:51.938Z,95.40081787109375,power,power_consumption,sensor,rapl
456,,,15,2023-02-05T09:35:26.783256083Z,2023-02-06T09:35:26.783256083Z,2023-02-06T09:26:52.949Z,95.261962890625,power,power_consumption,sensor,rapl
457,,,15,2023-02-05T09:35:26.783256083Z,2023-02-06T09:35:26.783256083Z,2023-02-06T09:26:53.961Z,95.77093505859375,power,power_consumption,sensor,rapl
458,,,15,2023-02-05T09:35:26.783256083Z,2023-02-06T09:35:26.783256083Z,2023-02-06T09:26:54.973Z,97.46636962890625,power,power_consumption,sensor,rapl
459,,,15,2023-02-05T09:35:26.783256083Z,2023-02-06T09:35:26.783256083Z,2023-02-06T09:26:55.989Z,97.53564453125,power,power_consumption,sensor,rapl
460,,,15,2023-02-05T09:35:26.783256083Z,2023-02-06T09:35:26.783256083Z,2023-02-06T09:26:57.005Z,68.2147216796875,power,power_consumption,sensor,rapl
461,,,15,2023-02-05T09:35:26.783256083Z,2023-02-06T09:35:26.783256083Z,2023-02-06T09:26:58.013Z,43.39892578125,power,power_consumption,sensor,rapl
462,,,15,2023-02-05T09:35:26.783256083Z,2023-02-06T09:35:26.783256083Z,2023-02-06T09:26:59.027Z,51.8948974609375,power,power_consumption,sensor,rapl
463,,,15,2023-02-05T09:35:26.783256083Z,2023-02-06T09:35:26.783256083Z,2023-02-06T09:27:00.036Z,48.6044921875,power,power_consumption,sensor,rapl
464,,,15,2023-02-05T09:35:26.783256083Z,2023-02-06T09:35:26.783256083Z,2023-02-06T09:27:01.047Z,52.7357177734375,power,power_consumption,sensor,rapl
465,,,15,2023-02-05T09:35:26.783256083Z,2023-02-06T09:35:26.783256083Z,2023-02-06T09:27:02.057Z,49.18487548828125,power,power_consumption,sensor,rapl
466,,,15,2023-02-05T09:35:26.783256083Z,2023-02-06T09:35:26.783256083Z,2023-02-06T09:27:03.071Z,50.45135498046875,power,power_consumption,sensor,rapl
467,,,15,2023-02-05T09:35:26.783256083Z,2023-02-06T09:35:26.783256083Z,2023-02-06T09:27:04.084Z,48.4163818359375,power,power_consumption,sensor,rapl
468,,,15,2023-02-05T09:35:26.783256083Z,2023-02-06T09:35:26.783256083Z,2023-02-06T09:27:05.095Z,48.0748291015625,power,power_consumption,sensor,rapl
469,,,15,2023-02-05T09:35:26.783256083Z,2023-02-06T09:35:26.783256083Z,2023-02-06T09:27:06.101Z,48.04486083984375,power,power_consumption,sensor,rapl
470,,,15,2023-02-05T09:35:26.783256083Z,2023-02-06T09:35:26.783256083Z,2023-02-06T09:27:07.107Z,48.0068359375,power,power_consumption,sensor,rapl
471,,,15,2023-02-05T09:35:26.783256083Z,2023-02-06T09:35:26.783256083Z,2023-02-06T09:27:08.114Z,48.19476318359375,power,power_consumption,sensor,rapl
472,,,15,2023-02-05T09:35:26.783256083Z,2023-02-06T09:35:26.783256083Z,2023-02-06T09:27:09.123Z,48.37451171875,power,power_consumption,sensor,rapl
473,,,15,2023-02-05T09:35:26.783256083Z,2023-02-06T09:35:26.783256083Z,2023-02-06T09:27:10.134Z,48.36358642578125,power,power_consumption,sensor,rapl
474,,,15,2023-02-05T09:35:26.783256083Z,2023-02-06T09:35:26.783256083Z,2023-02-06T09:27:11.148Z,50.04913330078125,power,power_consumption,sensor,rapl
475,,,15,2023-02-05T09:35:26.783256083Z,2023-02-06T09:35:26.783256083Z,2023-02-06T09:27:12.162Z,50.1859130859375,power,power_consumption,sensor,rapl
